model_name,model_type,image_stem,image_path,pred_index,score,label,xmin,ymin,xmax,ymax,pred_box,inference_time_sec,num_preds_in_image
FasterRCNN,torchvision,Cars0,C:\Users\jjrjg\OneDrive\Desktop\CMPS 261 Project\Plate-Detection-Project\carplate\images\Cars0.png,0,0.9496505260467529,1,234.72137451171875,124.0141372680664,408.01031494140625,179.34165954589844,"[234.72137451171875, 124.0141372680664, 408.01031494140625, 179.34165954589844]",8.427592299995013,3
FasterRCNN,torchvision,Cars0,C:\Users\jjrjg\OneDrive\Desktop\CMPS 261 Project\Plate-Detection-Project\carplate\images\Cars0.png,1,0.08245156705379486,1,172.54327392578125,108.23097229003906,432.3543701171875,200.01100158691406,"[172.54327392578125, 108.23097229003906, 432.3543701171875, 200.01100158691406]",8.427592299995013,3
FasterRCNN,torchvision,Cars0,C:\Users\jjrjg\OneDrive\Desktop\CMPS 261 Project\Plate-Detection-Project\carplate\images\Cars0.png,2,0.05239401385188103,1,304.4816589355469,123.74678802490234,397.2704162597656,175.1173858642578,"[304.4816589355469, 123.74678802490234, 397.2704162597656, 175.1173858642578]",8.427592299995013,3
FasterRCNN,torchvision,Cars102,C:\Users\jjrjg\OneDrive\Desktop\CMPS 261 Project\Plate-Detection-Project\carplate\images\Cars102.png,0,0.8111390471458435,1,48.27699279785156,135.83543395996094,318.6837158203125,208.2236785888672,"[48.27699279785156, 135.83543395996094, 318.6837158203125, 208.2236785888672]",7.157319999998435,4
FasterRCNN,torchvision,Cars102,C:\Users\jjrjg\OneDrive\Desktop\CMPS 261 Project\Plate-Detection-Project\carplate\images\Cars102.png,1,0.7292097210884094,1,164.44493103027344,141.41668701171875,317.11846923828125,202.5429229736328,"[164.44493103027344, 141.41668701171875, 317.11846923828125, 202.5429229736328]",7.157319999998435,4
FasterRCNN,torchvision,Cars102,C:\Users\jjrjg\OneDrive\Desktop\CMPS 261 Project\Plate-Detection-Project\carplate\images\Cars102.png,2,0.08024000376462936,1,73.46599578857422,138.9408416748047,234.75808715820312,197.98153686523438,"[73.46599578857422, 138.9408416748047, 234.75808715820312, 197.98153686523438]",7.157319999998435,4
FasterRCNN,torchvision,Cars102,C:\Users\jjrjg\OneDrive\Desktop\CMPS 261 Project\Plate-Detection-Project\carplate\images\Cars102.png,3,0.0647377297282219,1,231.95230102539062,144.96966552734375,306.1690368652344,197.42909240722656,"[231.95230102539062, 144.96966552734375, 306.1690368652344, 197.42909240722656]",7.157319999998435,4
FasterRCNN,torchvision,Cars106,C:\Users\jjrjg\OneDrive\Desktop\CMPS 261 Project\Plate-Detection-Project\carplate\images\Cars106.png,0,0.9312255382537842,1,245.3944854736328,79.12018585205078,267.7664794921875,94.9198226928711,"[245.3944854736328, 79.12018585205078, 267.7664794921875, 94.9198226928711]",7.894537899992429,3
FasterRCNN,torchvision,Cars106,C:\Users\jjrjg\OneDrive\Desktop\CMPS 261 Project\Plate-Detection-Project\carplate\images\Cars106.png,1,0.8178238868713379,1,229.99090576171875,197.67092895507812,274.4689636230469,215.04983520507812,"[229.99090576171875, 197.67092895507812, 274.4689636230469, 215.04983520507812]",7.894537899992429,3
FasterRCNN,torchvision,Cars106,C:\Users\jjrjg\OneDrive\Desktop\CMPS 261 Project\Plate-Detection-Project\carplate\images\Cars106.png,2,0.7266389727592468,1,139.07395935058594,78.5970230102539,165.02798461914062,87.87715911865234,"[139.07395935058594, 78.5970230102539, 165.02798461914062, 87.87715911865234]",7.894537899992429,3
FasterRCNN,torchvision,Cars113,C:\Users\jjrjg\OneDrive\Desktop\CMPS 261 Project\Plate-Detection-Project\carplate\images\Cars113.png,0,0.9410635828971863,1,161.21014404296875,111.88117218017578,300.99853515625,187.25473022460938,"[161.21014404296875, 111.88117218017578, 300.99853515625, 187.25473022460938]",7.06749210000271,3
FasterRCNN,torchvision,Cars113,C:\Users\jjrjg\OneDrive\Desktop\CMPS 261 Project\Plate-Detection-Project\carplate\images\Cars113.png,1,0.14622396230697632,1,124.34571075439453,92.46255493164062,347.6180114746094,200.21539306640625,"[124.34571075439453, 92.46255493164062, 347.6180114746094, 200.21539306640625]",7.06749210000271,3
FasterRCNN,torchvision,Cars113,C:\Users\jjrjg\OneDrive\Desktop\CMPS 261 Project\Plate-Detection-Project\carplate\images\Cars113.png,2,0.06532644480466843,1,195.37355041503906,8.01739501953125,229.3253173828125,23.505117416381836,"[195.37355041503906, 8.01739501953125, 229.3253173828125, 23.505117416381836]",7.06749210000271,3
FasterRCNN,torchvision,Cars12,C:\Users\jjrjg\OneDrive\Desktop\CMPS 261 Project\Plate-Detection-Project\carplate\images\Cars12.png,0,0.9731013178825378,1,126.38469696044922,80.811279296875,266.78240966796875,120.25694274902344,"[126.38469696044922, 80.811279296875, 266.78240966796875, 120.25694274902344]",5.337295099976473,2
FasterRCNN,torchvision,Cars12,C:\Users\jjrjg\OneDrive\Desktop\CMPS 261 Project\Plate-Detection-Project\carplate\images\Cars12.png,1,0.075066938996315,1,86.7691650390625,65.90052795410156,301.144287109375,124.17366790771484,"[86.7691650390625, 65.90052795410156, 301.144287109375, 124.17366790771484]",5.337295099976473,2
FasterRCNN,torchvision,Cars120,C:\Users\jjrjg\OneDrive\Desktop\CMPS 261 Project\Plate-Detection-Project\carplate\images\Cars120.png,0,0.9730912446975708,1,159.98634338378906,177.23707580566406,248.443603515625,203.81002807617188,"[159.98634338378906, 177.23707580566406, 248.443603515625, 203.81002807617188]",7.2055013999924995,2
FasterRCNN,torchvision,Cars120,C:\Users\jjrjg\OneDrive\Desktop\CMPS 261 Project\Plate-Detection-Project\carplate\images\Cars120.png,1,0.07399415969848633,1,154.567626953125,156.99606323242188,249.92449951171875,207.3514862060547,"[154.567626953125, 156.99606323242188, 249.92449951171875, 207.3514862060547]",7.2055013999924995,2
FasterRCNN,torchvision,Cars126,C:\Users\jjrjg\OneDrive\Desktop\CMPS 261 Project\Plate-Detection-Project\carplate\images\Cars126.png,0,0.9382789731025696,1,103.49915313720703,104.97860717773438,282.3871765136719,181.8353729248047,"[103.49915313720703, 104.97860717773438, 282.3871765136719, 181.8353729248047]",6.194058299995959,4
FasterRCNN,torchvision,Cars126,C:\Users\jjrjg\OneDrive\Desktop\CMPS 261 Project\Plate-Detection-Project\carplate\images\Cars126.png,1,0.23316112160682678,1,81.15629577636719,76.62266540527344,326.58123779296875,204.84512329101562,"[81.15629577636719, 76.62266540527344, 326.58123779296875, 204.84512329101562]",6.194058299995959,4
FasterRCNN,torchvision,Cars126,C:\Users\jjrjg\OneDrive\Desktop\CMPS 261 Project\Plate-Detection-Project\carplate\images\Cars126.png,2,0.16585864126682281,1,359.48297119140625,46.113346099853516,383.71685791015625,71.69954681396484,"[359.48297119140625, 46.113346099853516, 383.71685791015625, 71.69954681396484]",6.194058299995959,4
FasterRCNN,torchvision,Cars126,C:\Users\jjrjg\OneDrive\Desktop\CMPS 261 Project\Plate-Detection-Project\carplate\images\Cars126.png,3,0.11326457560062408,1,150.7852020263672,89.962158203125,287.2307434082031,165.47711181640625,"[150.7852020263672, 89.962158203125, 287.2307434082031, 165.47711181640625]",6.194058299995959,4
FasterRCNN,torchvision,Cars128,C:\Users\jjrjg\OneDrive\Desktop\CMPS 261 Project\Plate-Detection-Project\carplate\images\Cars128.png,0,0.8464499115943909,1,102.9337387084961,63.10264205932617,308.7310485839844,161.5577392578125,"[102.9337387084961, 63.10264205932617, 308.7310485839844, 161.5577392578125]",8.638449999969453,6
FasterRCNN,torchvision,Cars128,C:\Users\jjrjg\OneDrive\Desktop\CMPS 261 Project\Plate-Detection-Project\carplate\images\Cars128.png,1,0.606876790523529,1,185.26785278320312,68.03546905517578,304.8107604980469,150.57769775390625,"[185.26785278320312, 68.03546905517578, 304.8107604980469, 150.57769775390625]",8.638449999969453,6
FasterRCNN,torchvision,Cars128,C:\Users\jjrjg\OneDrive\Desktop\CMPS 261 Project\Plate-Detection-Project\carplate\images\Cars128.png,2,0.20297841727733612,1,223.96922302246094,58.08342361450195,307.1860656738281,126.85094451904297,"[223.96922302246094, 58.08342361450195, 307.1860656738281, 126.85094451904297]",8.638449999969453,6
FasterRCNN,torchvision,Cars128,C:\Users\jjrjg\OneDrive\Desktop\CMPS 261 Project\Plate-Detection-Project\carplate\images\Cars128.png,3,0.17047522962093353,1,102.66996002197266,83.45603942871094,231.80911254882812,160.60833740234375,"[102.66996002197266, 83.45603942871094, 231.80911254882812, 160.60833740234375]",8.638449999969453,6
FasterRCNN,torchvision,Cars128,C:\Users\jjrjg\OneDrive\Desktop\CMPS 261 Project\Plate-Detection-Project\carplate\images\Cars128.png,4,0.1114564836025238,1,165.60313415527344,43.171573638916016,352.9206848144531,154.2387237548828,"[165.60313415527344, 43.171573638916016, 352.9206848144531, 154.2387237548828]",8.638449999969453,6
FasterRCNN,torchvision,Cars128,C:\Users\jjrjg\OneDrive\Desktop\CMPS 261 Project\Plate-Detection-Project\carplate\images\Cars128.png,5,0.08013740181922913,1,109.35362243652344,12.920963287353516,375.5599670410156,182.87530517578125,"[109.35362243652344, 12.920963287353516, 375.5599670410156, 182.87530517578125]",8.638449999969453,6
FasterRCNN,torchvision,Cars136,C:\Users\jjrjg\OneDrive\Desktop\CMPS 261 Project\Plate-Detection-Project\carplate\images\Cars136.png,0,0.9489812254905701,1,162.7396697998047,100.71115112304688,244.337890625,122.94834899902344,"[162.7396697998047, 100.71115112304688, 244.337890625, 122.94834899902344]",8.148876399965957,2
FasterRCNN,torchvision,Cars136,C:\Users\jjrjg\OneDrive\Desktop\CMPS 261 Project\Plate-Detection-Project\carplate\images\Cars136.png,1,0.1092858761548996,1,319.5155944824219,0.0,378.8235168457031,35.894996643066406,"[319.5155944824219, 0.0, 378.8235168457031, 35.894996643066406]",8.148876399965957,2
FasterRCNN,torchvision,Cars14,C:\Users\jjrjg\OneDrive\Desktop\CMPS 261 Project\Plate-Detection-Project\carplate\images\Cars14.png,0,0.8549252152442932,1,158.13888549804688,114.4157943725586,278.739501953125,155.051513671875,"[158.13888549804688, 114.4157943725586, 278.739501953125, 155.051513671875]",8.098662599979434,3
FasterRCNN,torchvision,Cars14,C:\Users\jjrjg\OneDrive\Desktop\CMPS 261 Project\Plate-Detection-Project\carplate\images\Cars14.png,1,0.2595348060131073,1,103.8136978149414,109.01970672607422,302.5404968261719,159.05116271972656,"[103.8136978149414, 109.01970672607422, 302.5404968261719, 159.05116271972656]",8.098662599979434,3
FasterRCNN,torchvision,Cars14,C:\Users\jjrjg\OneDrive\Desktop\CMPS 261 Project\Plate-Detection-Project\carplate\images\Cars14.png,2,0.05652827024459839,1,329.6702880859375,24.59614372253418,396.77838134765625,82.343505859375,"[329.6702880859375, 24.59614372253418, 396.77838134765625, 82.343505859375]",8.098662599979434,3
FasterRCNN,torchvision,Cars161,C:\Users\jjrjg\OneDrive\Desktop\CMPS 261 Project\Plate-Detection-Project\carplate\images\Cars161.png,0,0.9570697546005249,1,309.3920593261719,282.1229553222656,407.1707458496094,315.1849060058594,"[309.3920593261719, 282.1229553222656, 407.1707458496094, 315.1849060058594]",6.9022847000160255,3
FasterRCNN,torchvision,Cars161,C:\Users\jjrjg\OneDrive\Desktop\CMPS 261 Project\Plate-Detection-Project\carplate\images\Cars161.png,1,0.2586846351623535,1,4.936469554901123,0.5151979327201843,212.7620849609375,33.2927360534668,"[4.936469554901123, 0.5151979327201843, 212.7620849609375, 33.2927360534668]",6.9022847000160255,3
FasterRCNN,torchvision,Cars161,C:\Users\jjrjg\OneDrive\Desktop\CMPS 261 Project\Plate-Detection-Project\carplate\images\Cars161.png,2,0.05097568780183792,1,164.47515869140625,223.0807342529297,244.2298126220703,263.7445068359375,"[164.47515869140625, 223.0807342529297, 244.2298126220703, 263.7445068359375]",6.9022847000160255,3
FasterRCNN,torchvision,Cars167,C:\Users\jjrjg\OneDrive\Desktop\CMPS 261 Project\Plate-Detection-Project\carplate\images\Cars167.png,0,0.9694468379020691,1,174.02496337890625,252.26019287109375,321.9954528808594,291.0400390625,"[174.02496337890625, 252.26019287109375, 321.9954528808594, 291.0400390625]",6.533076099993195,2
FasterRCNN,torchvision,Cars167,C:\Users\jjrjg\OneDrive\Desktop\CMPS 261 Project\Plate-Detection-Project\carplate\images\Cars167.png,1,0.07489149272441864,1,176.0640869140625,226.87225341796875,321.4882507324219,313.6038818359375,"[176.0640869140625, 226.87225341796875, 321.4882507324219, 313.6038818359375]",6.533076099993195,2
FasterRCNN,torchvision,Cars168,C:\Users\jjrjg\OneDrive\Desktop\CMPS 261 Project\Plate-Detection-Project\carplate\images\Cars168.png,-1,0.0,-1,,,,,,8.310223100008443,0
FasterRCNN,torchvision,Cars169,C:\Users\jjrjg\OneDrive\Desktop\CMPS 261 Project\Plate-Detection-Project\carplate\images\Cars169.png,0,0.95308518409729,1,116.99629211425781,74.130126953125,220.81800842285156,106.66168212890625,"[116.99629211425781, 74.130126953125, 220.81800842285156, 106.66168212890625]",7.525309999997262,1
FasterRCNN,torchvision,Cars17,C:\Users\jjrjg\OneDrive\Desktop\CMPS 261 Project\Plate-Detection-Project\carplate\images\Cars17.png,-1,0.0,-1,,,,,,7.990647999977227,0
FasterRCNN,torchvision,Cars182,C:\Users\jjrjg\OneDrive\Desktop\CMPS 261 Project\Plate-Detection-Project\carplate\images\Cars182.png,0,0.9782347083091736,1,151.9849395751953,134.1162872314453,249.84170532226562,162.30459594726562,"[151.9849395751953, 134.1162872314453, 249.84170532226562, 162.30459594726562]",8.407032900024205,2
FasterRCNN,torchvision,Cars182,C:\Users\jjrjg\OneDrive\Desktop\CMPS 261 Project\Plate-Detection-Project\carplate\images\Cars182.png,1,0.05634604021906853,1,150.57296752929688,108.09866333007812,251.6814727783203,167.9754638671875,"[150.57296752929688, 108.09866333007812, 251.6814727783203, 167.9754638671875]",8.407032900024205,2
FasterRCNN,torchvision,Cars183,C:\Users\jjrjg\OneDrive\Desktop\CMPS 261 Project\Plate-Detection-Project\carplate\images\Cars183.png,0,0.9881564378738403,1,81.22348022460938,131.77398681640625,248.6602325439453,174.85305786132812,"[81.22348022460938, 131.77398681640625, 248.6602325439453, 174.85305786132812]",8.299794599995948,1
FasterRCNN,torchvision,Cars196,C:\Users\jjrjg\OneDrive\Desktop\CMPS 261 Project\Plate-Detection-Project\carplate\images\Cars196.png,0,0.20544511079788208,1,104.52538299560547,128.5735321044922,144.01275634765625,144.2236328125,"[104.52538299560547, 128.5735321044922, 144.01275634765625, 144.2236328125]",7.948223899991717,1
FasterRCNN,torchvision,Cars198,C:\Users\jjrjg\OneDrive\Desktop\CMPS 261 Project\Plate-Detection-Project\carplate\images\Cars198.png,0,0.9678446650505066,1,163.93624877929688,221.55899047851562,272.7550964355469,250.86309814453125,"[163.93624877929688, 221.55899047851562, 272.7550964355469, 250.86309814453125]",7.020189800008666,1
FasterRCNN,torchvision,Cars202,C:\Users\jjrjg\OneDrive\Desktop\CMPS 261 Project\Plate-Detection-Project\carplate\images\Cars202.png,0,0.9164925813674927,1,196.73387145996094,137.86993408203125,247.03799438476562,154.88299560546875,"[196.73387145996094, 137.86993408203125, 247.03799438476562, 154.88299560546875]",6.946410300035495,1
FasterRCNN,torchvision,Cars203,C:\Users\jjrjg\OneDrive\Desktop\CMPS 261 Project\Plate-Detection-Project\carplate\images\Cars203.png,0,0.9446863532066345,1,119.9000244140625,115.53453826904297,259.96612548828125,156.21971130371094,"[119.9000244140625, 115.53453826904297, 259.96612548828125, 156.21971130371094]",7.183586900006048,1
FasterRCNN,torchvision,Cars211,C:\Users\jjrjg\OneDrive\Desktop\CMPS 261 Project\Plate-Detection-Project\carplate\images\Cars211.png,0,0.7398257255554199,1,136.30059814453125,38.97509002685547,375.4015197753906,253.29348754882812,"[136.30059814453125, 38.97509002685547, 375.4015197753906, 253.29348754882812]",6.344117900007404,4
FasterRCNN,torchvision,Cars211,C:\Users\jjrjg\OneDrive\Desktop\CMPS 261 Project\Plate-Detection-Project\carplate\images\Cars211.png,1,0.34671327471733093,1,15.575034141540527,35.65906524658203,286.89544677734375,251.54971313476562,"[15.575034141540527, 35.65906524658203, 286.89544677734375, 251.54971313476562]",6.344117900007404,4
FasterRCNN,torchvision,Cars211,C:\Users\jjrjg\OneDrive\Desktop\CMPS 261 Project\Plate-Detection-Project\carplate\images\Cars211.png,2,0.1498546302318573,1,133.15353393554688,60.46803665161133,224.3677978515625,166.89932250976562,"[133.15353393554688, 60.46803665161133, 224.3677978515625, 166.89932250976562]",6.344117900007404,4
FasterRCNN,torchvision,Cars211,C:\Users\jjrjg\OneDrive\Desktop\CMPS 261 Project\Plate-Detection-Project\carplate\images\Cars211.png,3,0.05866174399852753,1,8.398392677307129,263.90924072265625,192.44252014160156,294.9710998535156,"[8.398392677307129, 263.90924072265625, 192.44252014160156, 294.9710998535156]",6.344117900007404,4
FasterRCNN,torchvision,Cars225,C:\Users\jjrjg\OneDrive\Desktop\CMPS 261 Project\Plate-Detection-Project\carplate\images\Cars225.png,0,0.9186584949493408,1,212.81138610839844,164.4483184814453,371.5785827636719,220.79013061523438,"[212.81138610839844, 164.4483184814453, 371.5785827636719, 220.79013061523438]",7.19344220001949,2
FasterRCNN,torchvision,Cars225,C:\Users\jjrjg\OneDrive\Desktop\CMPS 261 Project\Plate-Detection-Project\carplate\images\Cars225.png,1,0.10326191037893295,1,173.60313415527344,144.87069702148438,412.6778564453125,228.2313232421875,"[173.60313415527344, 144.87069702148438, 412.6778564453125, 228.2313232421875]",7.19344220001949,2
FasterRCNN,torchvision,Cars231,C:\Users\jjrjg\OneDrive\Desktop\CMPS 261 Project\Plate-Detection-Project\carplate\images\Cars231.png,0,0.9612588286399841,1,63.261207580566406,158.7820587158203,133.09681701660156,182.20220947265625,"[63.261207580566406, 158.7820587158203, 133.09681701660156, 182.20220947265625]",6.726602200011257,1
FasterRCNN,torchvision,Cars235,C:\Users\jjrjg\OneDrive\Desktop\CMPS 261 Project\Plate-Detection-Project\carplate\images\Cars235.png,0,0.9780690670013428,1,149.09127807617188,141.9407501220703,243.77989196777344,167.5106658935547,"[149.09127807617188, 141.9407501220703, 243.77989196777344, 167.5106658935547]",7.0222206999897026,1
FasterRCNN,torchvision,Cars236,C:\Users\jjrjg\OneDrive\Desktop\CMPS 261 Project\Plate-Detection-Project\carplate\images\Cars236.png,0,0.9017546772956848,1,225.2066650390625,108.62278747558594,245.54795837402344,116.66938018798828,"[225.2066650390625, 108.62278747558594, 245.54795837402344, 116.66938018798828]",5.746415200002957,5
FasterRCNN,torchvision,Cars236,C:\Users\jjrjg\OneDrive\Desktop\CMPS 261 Project\Plate-Detection-Project\carplate\images\Cars236.png,1,0.14830061793327332,1,231.81068420410156,109.3727798461914,244.47537231445312,115.61703491210938,"[231.81068420410156, 109.3727798461914, 244.47537231445312, 115.61703491210938]",5.746415200002957,5
FasterRCNN,torchvision,Cars236,C:\Users\jjrjg\OneDrive\Desktop\CMPS 261 Project\Plate-Detection-Project\carplate\images\Cars236.png,2,0.12029717862606049,1,227.20257568359375,109.59378814697266,239.70997619628906,115.46637725830078,"[227.20257568359375, 109.59378814697266, 239.70997619628906, 115.46637725830078]",5.746415200002957,5
FasterRCNN,torchvision,Cars236,C:\Users\jjrjg\OneDrive\Desktop\CMPS 261 Project\Plate-Detection-Project\carplate\images\Cars236.png,3,0.10291849821805954,1,230.68263244628906,108.74809265136719,238.12033081054688,116.56946563720703,"[230.68263244628906, 108.74809265136719, 238.12033081054688, 116.56946563720703]",5.746415200002957,5
FasterRCNN,torchvision,Cars236,C:\Users\jjrjg\OneDrive\Desktop\CMPS 261 Project\Plate-Detection-Project\carplate\images\Cars236.png,4,0.06360689550638199,1,234.3779754638672,109.11510467529297,240.69691467285156,116.1667251586914,"[234.3779754638672, 109.11510467529297, 240.69691467285156, 116.1667251586914]",5.746415200002957,5
FasterRCNN,torchvision,Cars247,C:\Users\jjrjg\OneDrive\Desktop\CMPS 261 Project\Plate-Detection-Project\carplate\images\Cars247.png,0,0.6780567765235901,1,160.31825256347656,13.600357055664062,304.3781433105469,150.31021118164062,"[160.31825256347656, 13.600357055664062, 304.3781433105469, 150.31021118164062]",7.063063699984923,8
FasterRCNN,torchvision,Cars247,C:\Users\jjrjg\OneDrive\Desktop\CMPS 261 Project\Plate-Detection-Project\carplate\images\Cars247.png,1,0.46073752641677856,1,65.01766204833984,28.44236946105957,299.5599060058594,169.43338012695312,"[65.01766204833984, 28.44236946105957, 299.5599060058594, 169.43338012695312]",7.063063699984923,8
FasterRCNN,torchvision,Cars247,C:\Users\jjrjg\OneDrive\Desktop\CMPS 261 Project\Plate-Detection-Project\carplate\images\Cars247.png,2,0.30335408449172974,1,191.61985778808594,25.02291488647461,292.70526123046875,114.88935852050781,"[191.61985778808594, 25.02291488647461, 292.70526123046875, 114.88935852050781]",7.063063699984923,8
FasterRCNN,torchvision,Cars247,C:\Users\jjrjg\OneDrive\Desktop\CMPS 261 Project\Plate-Detection-Project\carplate\images\Cars247.png,3,0.27971217036247253,1,235.582275390625,19.806724548339844,320.5272216796875,108.99886322021484,"[235.582275390625, 19.806724548339844, 320.5272216796875, 108.99886322021484]",7.063063699984923,8
FasterRCNN,torchvision,Cars247,C:\Users\jjrjg\OneDrive\Desktop\CMPS 261 Project\Plate-Detection-Project\carplate\images\Cars247.png,4,0.13754059374332428,1,198.50643920898438,2.6428747177124023,360.72686767578125,127.08760833740234,"[198.50643920898438, 2.6428747177124023, 360.72686767578125, 127.08760833740234]",7.063063699984923,8
FasterRCNN,torchvision,Cars247,C:\Users\jjrjg\OneDrive\Desktop\CMPS 261 Project\Plate-Detection-Project\carplate\images\Cars247.png,5,0.07706980407238007,1,176.15931701660156,37.65278625488281,257.0690612792969,144.5995330810547,"[176.15931701660156, 37.65278625488281, 257.0690612792969, 144.5995330810547]",7.063063699984923,8
FasterRCNN,torchvision,Cars247,C:\Users\jjrjg\OneDrive\Desktop\CMPS 261 Project\Plate-Detection-Project\carplate\images\Cars247.png,6,0.05067240074276924,1,225.4268341064453,10.373682022094727,291.41400146484375,97.83981323242188,"[225.4268341064453, 10.373682022094727, 291.41400146484375, 97.83981323242188]",7.063063699984923,8
FasterRCNN,torchvision,Cars247,C:\Users\jjrjg\OneDrive\Desktop\CMPS 261 Project\Plate-Detection-Project\carplate\images\Cars247.png,7,0.0504068098962307,1,206.61196899414062,15.34559154510498,304.7525939941406,71.37055206298828,"[206.61196899414062, 15.34559154510498, 304.7525939941406, 71.37055206298828]",7.063063699984923,8
FasterRCNN,torchvision,Cars254,C:\Users\jjrjg\OneDrive\Desktop\CMPS 261 Project\Plate-Detection-Project\carplate\images\Cars254.png,0,0.941409170627594,1,163.78797912597656,174.91986083984375,233.49655151367188,209.306396484375,"[163.78797912597656, 174.91986083984375, 233.49655151367188, 209.306396484375]",5.21463559998665,1
FasterRCNN,torchvision,Cars260,C:\Users\jjrjg\OneDrive\Desktop\CMPS 261 Project\Plate-Detection-Project\carplate\images\Cars260.png,0,0.23809029161930084,1,10.02348804473877,199.53451538085938,79.6229019165039,236.4211883544922,"[10.02348804473877, 199.53451538085938, 79.6229019165039, 236.4211883544922]",7.145039199967869,2
FasterRCNN,torchvision,Cars260,C:\Users\jjrjg\OneDrive\Desktop\CMPS 261 Project\Plate-Detection-Project\carplate\images\Cars260.png,1,0.1854749619960785,1,177.38804626464844,111.7370834350586,231.91140747070312,129.0465545654297,"[177.38804626464844, 111.7370834350586, 231.91140747070312, 129.0465545654297]",7.145039199967869,2
FasterRCNN,torchvision,Cars274,C:\Users\jjrjg\OneDrive\Desktop\CMPS 261 Project\Plate-Detection-Project\carplate\images\Cars274.png,0,0.6440152525901794,1,195.2735595703125,144.83206176757812,254.75836181640625,170.85821533203125,"[195.2735595703125, 144.83206176757812, 254.75836181640625, 170.85821533203125]",6.94973699998809,1
FasterRCNN,torchvision,Cars277,C:\Users\jjrjg\OneDrive\Desktop\CMPS 261 Project\Plate-Detection-Project\carplate\images\Cars277.png,0,0.6425265073776245,1,133.70677185058594,216.48777770996094,151.96578979492188,225.6055908203125,"[133.70677185058594, 216.48777770996094, 151.96578979492188, 225.6055908203125]",7.125858400017023,5
FasterRCNN,torchvision,Cars277,C:\Users\jjrjg\OneDrive\Desktop\CMPS 261 Project\Plate-Detection-Project\carplate\images\Cars277.png,1,0.31547847390174866,1,86.9924545288086,109.01183319091797,183.43853759765625,138.6251983642578,"[86.9924545288086, 109.01183319091797, 183.43853759765625, 138.6251983642578]",7.125858400017023,5
FasterRCNN,torchvision,Cars277,C:\Users\jjrjg\OneDrive\Desktop\CMPS 261 Project\Plate-Detection-Project\carplate\images\Cars277.png,2,0.16190575063228607,1,8.457562446594238,261.11419677734375,192.22921752929688,290.67681884765625,"[8.457562446594238, 261.11419677734375, 192.22921752929688, 290.67681884765625]",7.125858400017023,5
FasterRCNN,torchvision,Cars277,C:\Users\jjrjg\OneDrive\Desktop\CMPS 261 Project\Plate-Detection-Project\carplate\images\Cars277.png,3,0.07602415978908539,1,131.7827606201172,210.70376586914062,153.0130615234375,226.9547576904297,"[131.7827606201172, 210.70376586914062, 153.0130615234375, 226.9547576904297]",7.125858400017023,5
FasterRCNN,torchvision,Cars277,C:\Users\jjrjg\OneDrive\Desktop\CMPS 261 Project\Plate-Detection-Project\carplate\images\Cars277.png,4,0.058072060346603394,1,138.64724731445312,216.09844970703125,146.77029418945312,225.25282287597656,"[138.64724731445312, 216.09844970703125, 146.77029418945312, 225.25282287597656]",7.125858400017023,5
FasterRCNN,torchvision,Cars281,C:\Users\jjrjg\OneDrive\Desktop\CMPS 261 Project\Plate-Detection-Project\carplate\images\Cars281.png,0,0.9732734560966492,1,148.5406494140625,164.67636108398438,238.092529296875,190.58448791503906,"[148.5406494140625, 164.67636108398438, 238.092529296875, 190.58448791503906]",7.872326800017618,1
FasterRCNN,torchvision,Cars282,C:\Users\jjrjg\OneDrive\Desktop\CMPS 261 Project\Plate-Detection-Project\carplate\images\Cars282.png,0,0.8111390471458435,1,48.27699279785156,135.83543395996094,318.6837158203125,208.2236785888672,"[48.27699279785156, 135.83543395996094, 318.6837158203125, 208.2236785888672]",7.005967800039798,4
FasterRCNN,torchvision,Cars282,C:\Users\jjrjg\OneDrive\Desktop\CMPS 261 Project\Plate-Detection-Project\carplate\images\Cars282.png,1,0.7292097210884094,1,164.44493103027344,141.41668701171875,317.11846923828125,202.5429229736328,"[164.44493103027344, 141.41668701171875, 317.11846923828125, 202.5429229736328]",7.005967800039798,4
FasterRCNN,torchvision,Cars282,C:\Users\jjrjg\OneDrive\Desktop\CMPS 261 Project\Plate-Detection-Project\carplate\images\Cars282.png,2,0.08024000376462936,1,73.46599578857422,138.9408416748047,234.75808715820312,197.98153686523438,"[73.46599578857422, 138.9408416748047, 234.75808715820312, 197.98153686523438]",7.005967800039798,4
FasterRCNN,torchvision,Cars282,C:\Users\jjrjg\OneDrive\Desktop\CMPS 261 Project\Plate-Detection-Project\carplate\images\Cars282.png,3,0.0647377297282219,1,231.95230102539062,144.96966552734375,306.1690368652344,197.42909240722656,"[231.95230102539062, 144.96966552734375, 306.1690368652344, 197.42909240722656]",7.005967800039798,4
FasterRCNN,torchvision,Cars286,C:\Users\jjrjg\OneDrive\Desktop\CMPS 261 Project\Plate-Detection-Project\carplate\images\Cars286.png,0,0.941288411617279,1,206.2778778076172,192.5081787109375,285.3209228515625,230.27554321289062,"[206.2778778076172, 192.5081787109375, 285.3209228515625, 230.27554321289062]",6.97027499997057,1
FasterRCNN,torchvision,Cars289,C:\Users\jjrjg\OneDrive\Desktop\CMPS 261 Project\Plate-Detection-Project\carplate\images\Cars289.png,0,0.7001255750656128,1,165.37680053710938,137.8978271484375,264.5858154296875,172.81192016601562,"[165.37680053710938, 137.8978271484375, 264.5858154296875, 172.81192016601562]",6.9840689999982715,1
FasterRCNN,torchvision,Cars300,C:\Users\jjrjg\OneDrive\Desktop\CMPS 261 Project\Plate-Detection-Project\carplate\images\Cars300.png,0,0.875166118144989,1,259.3631896972656,184.1176300048828,319.2998962402344,215.31997680664062,"[259.3631896972656, 184.1176300048828, 319.2998962402344, 215.31997680664062]",8.141432699980214,1
FasterRCNN,torchvision,Cars304,C:\Users\jjrjg\OneDrive\Desktop\CMPS 261 Project\Plate-Detection-Project\carplate\images\Cars304.png,0,0.9718313217163086,1,139.95391845703125,113.17648315429688,220.02401733398438,155.2074432373047,"[139.95391845703125, 113.17648315429688, 220.02401733398438, 155.2074432373047]",8.136243299988564,1
FasterRCNN,torchvision,Cars313,C:\Users\jjrjg\OneDrive\Desktop\CMPS 261 Project\Plate-Detection-Project\carplate\images\Cars313.png,0,0.8480982184410095,1,177.37924194335938,209.68402099609375,253.1834259033203,247.903076171875,"[177.37924194335938, 209.68402099609375, 253.1834259033203, 247.903076171875]",6.619367000006605,2
FasterRCNN,torchvision,Cars313,C:\Users\jjrjg\OneDrive\Desktop\CMPS 261 Project\Plate-Detection-Project\carplate\images\Cars313.png,1,0.06892605870962143,1,115.24250793457031,78.01849365234375,295.3965759277344,157.76109313964844,"[115.24250793457031, 78.01849365234375, 295.3965759277344, 157.76109313964844]",6.619367000006605,2
FasterRCNN,torchvision,Cars322,C:\Users\jjrjg\OneDrive\Desktop\CMPS 261 Project\Plate-Detection-Project\carplate\images\Cars322.png,0,0.950895369052887,1,271.3750305175781,260.6223449707031,351.8777770996094,299.4864501953125,"[271.3750305175781, 260.6223449707031, 351.8777770996094, 299.4864501953125]",6.182929200003855,2
FasterRCNN,torchvision,Cars322,C:\Users\jjrjg\OneDrive\Desktop\CMPS 261 Project\Plate-Detection-Project\carplate\images\Cars322.png,1,0.10853288322687149,1,293.28900146484375,258.68450927734375,338.7312927246094,292.21954345703125,"[293.28900146484375, 258.68450927734375, 338.7312927246094, 292.21954345703125]",6.182929200003855,2
FasterRCNN,torchvision,Cars345,C:\Users\jjrjg\OneDrive\Desktop\CMPS 261 Project\Plate-Detection-Project\carplate\images\Cars345.png,0,0.9393875002861023,1,171.5375213623047,144.69265747070312,245.9290313720703,184.1280975341797,"[171.5375213623047, 144.69265747070312, 245.9290313720703, 184.1280975341797]",6.1717289999942295,1
FasterRCNN,torchvision,Cars349,C:\Users\jjrjg\OneDrive\Desktop\CMPS 261 Project\Plate-Detection-Project\carplate\images\Cars349.png,0,0.9442107081413269,1,43.62733840942383,223.64321899414062,138.86380004882812,250.64418029785156,"[43.62733840942383, 223.64321899414062, 138.86380004882812, 250.64418029785156]",6.896824499999639,3
FasterRCNN,torchvision,Cars349,C:\Users\jjrjg\OneDrive\Desktop\CMPS 261 Project\Plate-Detection-Project\carplate\images\Cars349.png,1,0.09996823966503143,1,222.20594787597656,99.36888122558594,265.8019714355469,142.89280700683594,"[222.20594787597656, 99.36888122558594, 265.8019714355469, 142.89280700683594]",6.896824499999639,3
FasterRCNN,torchvision,Cars349,C:\Users\jjrjg\OneDrive\Desktop\CMPS 261 Project\Plate-Detection-Project\carplate\images\Cars349.png,2,0.059018999338150024,1,50.41405487060547,213.71218872070312,183.39439392089844,255.15023803710938,"[50.41405487060547, 213.71218872070312, 183.39439392089844, 255.15023803710938]",6.896824499999639,3
FasterRCNN,torchvision,Cars351,C:\Users\jjrjg\OneDrive\Desktop\CMPS 261 Project\Plate-Detection-Project\carplate\images\Cars351.png,0,0.9271724820137024,1,261.7605285644531,51.174808502197266,357.59259033203125,121.41922760009766,"[261.7605285644531, 51.174808502197266, 357.59259033203125, 121.41922760009766]",7.387883200019132,4
FasterRCNN,torchvision,Cars351,C:\Users\jjrjg\OneDrive\Desktop\CMPS 261 Project\Plate-Detection-Project\carplate\images\Cars351.png,1,0.1071813553571701,1,256.2283630371094,30.924724578857422,377.3812255859375,149.055419921875,"[256.2283630371094, 30.924724578857422, 377.3812255859375, 149.055419921875]",7.387883200019132,4
FasterRCNN,torchvision,Cars351,C:\Users\jjrjg\OneDrive\Desktop\CMPS 261 Project\Plate-Detection-Project\carplate\images\Cars351.png,2,0.08214365690946579,1,99.76239776611328,32.04098129272461,154.9051971435547,100.30731964111328,"[99.76239776611328, 32.04098129272461, 154.9051971435547, 100.30731964111328]",7.387883200019132,4
FasterRCNN,torchvision,Cars351,C:\Users\jjrjg\OneDrive\Desktop\CMPS 261 Project\Plate-Detection-Project\carplate\images\Cars351.png,3,0.07693251967430115,1,266.8025207519531,68.3656234741211,351.03753662109375,105.25726318359375,"[266.8025207519531, 68.3656234741211, 351.03753662109375, 105.25726318359375]",7.387883200019132,4
FasterRCNN,torchvision,Cars356,C:\Users\jjrjg\OneDrive\Desktop\CMPS 261 Project\Plate-Detection-Project\carplate\images\Cars356.png,0,0.9800308346748352,1,243.0794219970703,219.6236114501953,358.1979675292969,282.4453125,"[243.0794219970703, 219.6236114501953, 358.1979675292969, 282.4453125]",7.194935599982273,1
FasterRCNN,torchvision,Cars359,C:\Users\jjrjg\OneDrive\Desktop\CMPS 261 Project\Plate-Detection-Project\carplate\images\Cars359.png,0,0.961182713508606,1,230.56236267089844,229.06655883789062,262.3685607910156,241.25308227539062,"[230.56236267089844, 229.06655883789062, 262.3685607910156, 241.25308227539062]",6.865773800003808,3
FasterRCNN,torchvision,Cars359,C:\Users\jjrjg\OneDrive\Desktop\CMPS 261 Project\Plate-Detection-Project\carplate\images\Cars359.png,1,0.2145521491765976,1,250.16188049316406,39.720706939697266,287.58599853515625,53.19647979736328,"[250.16188049316406, 39.720706939697266, 287.58599853515625, 53.19647979736328]",6.865773800003808,3
FasterRCNN,torchvision,Cars359,C:\Users\jjrjg\OneDrive\Desktop\CMPS 261 Project\Plate-Detection-Project\carplate\images\Cars359.png,2,0.07379380613565445,1,228.3225555419922,222.6941375732422,266.1240234375,246.8843994140625,"[228.3225555419922, 222.6941375732422, 266.1240234375, 246.8843994140625]",6.865773800003808,3
FasterRCNN,torchvision,Cars367,C:\Users\jjrjg\OneDrive\Desktop\CMPS 261 Project\Plate-Detection-Project\carplate\images\Cars367.png,0,0.9661246538162231,1,234.71218872070312,164.1871337890625,367.9801940917969,215.99588012695312,"[234.71218872070312, 164.1871337890625, 367.9801940917969, 215.99588012695312]",7.205057099985424,3
FasterRCNN,torchvision,Cars367,C:\Users\jjrjg\OneDrive\Desktop\CMPS 261 Project\Plate-Detection-Project\carplate\images\Cars367.png,1,0.26663145422935486,1,10.193891525268555,157.73818969726562,192.58375549316406,203.6857147216797,"[10.193891525268555, 157.73818969726562, 192.58375549316406, 203.6857147216797]",7.205057099985424,3
FasterRCNN,torchvision,Cars367,C:\Users\jjrjg\OneDrive\Desktop\CMPS 261 Project\Plate-Detection-Project\carplate\images\Cars367.png,2,0.10359881073236465,1,220.47547912597656,122.56999206542969,385.9618225097656,259.2464599609375,"[220.47547912597656, 122.56999206542969, 385.9618225097656, 259.2464599609375]",7.205057099985424,3
FasterRCNN,torchvision,Cars370,C:\Users\jjrjg\OneDrive\Desktop\CMPS 261 Project\Plate-Detection-Project\carplate\images\Cars370.png,0,0.982620894908905,1,283.1690673828125,244.81707763671875,415.99725341796875,284.23834228515625,"[283.1690673828125, 244.81707763671875, 415.99725341796875, 284.23834228515625]",6.97567319998052,1
FasterRCNN,torchvision,Cars405,C:\Users\jjrjg\OneDrive\Desktop\CMPS 261 Project\Plate-Detection-Project\carplate\images\Cars405.png,0,0.941555380821228,1,245.74354553222656,212.5289306640625,294.4097900390625,231.65200805664062,"[245.74354553222656, 212.5289306640625, 294.4097900390625, 231.65200805664062]",7.129955699958373,1
FasterRCNN,torchvision,Cars416,C:\Users\jjrjg\OneDrive\Desktop\CMPS 261 Project\Plate-Detection-Project\carplate\images\Cars416.png,0,0.9545103311538696,1,148.68582153320312,201.61756896972656,234.8306427001953,227.25242614746094,"[148.68582153320312, 201.61756896972656, 234.8306427001953, 227.25242614746094]",6.134749900025781,1
FasterRCNN,torchvision,Cars420,C:\Users\jjrjg\OneDrive\Desktop\CMPS 261 Project\Plate-Detection-Project\carplate\images\Cars420.png,0,0.5832324028015137,1,109.74164581298828,186.26351928710938,160.4503631591797,213.82228088378906,"[109.74164581298828, 186.26351928710938, 160.4503631591797, 213.82228088378906]",6.0817796000046656,1
FasterRCNN,torchvision,Cars426,C:\Users\jjrjg\OneDrive\Desktop\CMPS 261 Project\Plate-Detection-Project\carplate\images\Cars426.png,0,0.9711368083953857,1,152.34429931640625,204.66842651367188,275.5046691894531,240.6931915283203,"[152.34429931640625, 204.66842651367188, 275.5046691894531, 240.6931915283203]",6.003149299998768,2
FasterRCNN,torchvision,Cars426,C:\Users\jjrjg\OneDrive\Desktop\CMPS 261 Project\Plate-Detection-Project\carplate\images\Cars426.png,1,0.07511325925588608,1,10.159187316894531,111.03346252441406,39.44902038574219,120.4921646118164,"[10.159187316894531, 111.03346252441406, 39.44902038574219, 120.4921646118164]",6.003149299998768,2
FasterRCNN,torchvision,Cars43,C:\Users\jjrjg\OneDrive\Desktop\CMPS 261 Project\Plate-Detection-Project\carplate\images\Cars43.png,0,0.6459417939186096,1,147.6686248779297,110.03680419921875,313.18182373046875,164.77932739257812,"[147.6686248779297, 110.03680419921875, 313.18182373046875, 164.77932739257812]",7.14993620000314,2
FasterRCNN,torchvision,Cars43,C:\Users\jjrjg\OneDrive\Desktop\CMPS 261 Project\Plate-Detection-Project\carplate\images\Cars43.png,1,0.07612956315279007,1,127.5839614868164,80.899169921875,404.9847412109375,173.00262451171875,"[127.5839614868164, 80.899169921875, 404.9847412109375, 173.00262451171875]",7.14993620000314,2
FasterRCNN,torchvision,Cars51,C:\Users\jjrjg\OneDrive\Desktop\CMPS 261 Project\Plate-Detection-Project\carplate\images\Cars51.png,0,0.8815083503723145,1,262.4636535644531,141.6817169189453,317.981689453125,162.52561950683594,"[262.4636535644531, 141.6817169189453, 317.981689453125, 162.52561950683594]",6.6250363000435755,1
FasterRCNN,torchvision,Cars53,C:\Users\jjrjg\OneDrive\Desktop\CMPS 261 Project\Plate-Detection-Project\carplate\images\Cars53.png,0,0.9667567014694214,1,142.69424438476562,185.67572021484375,252.919189453125,216.68563842773438,"[142.69424438476562, 185.67572021484375, 252.919189453125, 216.68563842773438]",6.251089199970011,2
FasterRCNN,torchvision,Cars53,C:\Users\jjrjg\OneDrive\Desktop\CMPS 261 Project\Plate-Detection-Project\carplate\images\Cars53.png,1,0.05863397940993309,1,136.00672912597656,160.1883544921875,249.20799255371094,227.29466247558594,"[136.00672912597656, 160.1883544921875, 249.20799255371094, 227.29466247558594]",6.251089199970011,2
FasterRCNN,torchvision,Cars62,C:\Users\jjrjg\OneDrive\Desktop\CMPS 261 Project\Plate-Detection-Project\carplate\images\Cars62.png,0,0.4779468774795532,1,155.99252319335938,116.82801818847656,239.66046142578125,157.9624786376953,"[155.99252319335938, 116.82801818847656, 239.66046142578125, 157.9624786376953]",6.1063970000250265,1
FasterRCNN,torchvision,Cars64,C:\Users\jjrjg\OneDrive\Desktop\CMPS 261 Project\Plate-Detection-Project\carplate\images\Cars64.png,0,0.7946650385856628,1,132.60496520996094,185.3841552734375,315.9022216796875,227.70086669921875,"[132.60496520996094, 185.3841552734375, 315.9022216796875, 227.70086669921875]",7.526338499970734,2
FasterRCNN,torchvision,Cars64,C:\Users\jjrjg\OneDrive\Desktop\CMPS 261 Project\Plate-Detection-Project\carplate\images\Cars64.png,1,0.16905881464481354,1,192.04440307617188,191.47381591796875,309.8717956542969,223.25685119628906,"[192.04440307617188, 191.47381591796875, 309.8717956542969, 223.25685119628906]",7.526338499970734,2
FasterRCNN,torchvision,Cars65,C:\Users\jjrjg\OneDrive\Desktop\CMPS 261 Project\Plate-Detection-Project\carplate\images\Cars65.png,0,0.9308798313140869,1,200.82925415039062,208.0242156982422,300.9930725097656,257.54718017578125,"[200.82925415039062, 208.0242156982422, 300.9930725097656, 257.54718017578125]",6.719463000015821,2
FasterRCNN,torchvision,Cars65,C:\Users\jjrjg\OneDrive\Desktop\CMPS 261 Project\Plate-Detection-Project\carplate\images\Cars65.png,1,0.07722771167755127,1,144.4410858154297,192.1672821044922,313.18255615234375,262.29852294921875,"[144.4410858154297, 192.1672821044922, 313.18255615234375, 262.29852294921875]",6.719463000015821,2
FasterRCNN,torchvision,Cars7,C:\Users\jjrjg\OneDrive\Desktop\CMPS 261 Project\Plate-Detection-Project\carplate\images\Cars7.png,-1,0.0,-1,,,,,,7.437583299994003,0
FasterRCNN,torchvision,Cars70,C:\Users\jjrjg\OneDrive\Desktop\CMPS 261 Project\Plate-Detection-Project\carplate\images\Cars70.png,0,0.39793795347213745,1,181.8367156982422,116.2300033569336,208.6851806640625,135.77511596679688,"[181.8367156982422, 116.2300033569336, 208.6851806640625, 135.77511596679688]",8.163076299999375,1
FasterRCNN,torchvision,Cars77,C:\Users\jjrjg\OneDrive\Desktop\CMPS 261 Project\Plate-Detection-Project\carplate\images\Cars77.png,0,0.9653995633125305,1,229.64144897460938,156.72500610351562,309.4039001464844,182.52197265625,"[229.64144897460938, 156.72500610351562, 309.4039001464844, 182.52197265625]",7.593112600035965,3
FasterRCNN,torchvision,Cars77,C:\Users\jjrjg\OneDrive\Desktop\CMPS 261 Project\Plate-Detection-Project\carplate\images\Cars77.png,1,0.13335101306438446,1,325.19903564453125,4.610826015472412,396.20501708984375,24.70339584350586,"[325.19903564453125, 4.610826015472412, 396.20501708984375, 24.70339584350586]",7.593112600035965,3
FasterRCNN,torchvision,Cars77,C:\Users\jjrjg\OneDrive\Desktop\CMPS 261 Project\Plate-Detection-Project\carplate\images\Cars77.png,2,0.05416731536388397,1,202.95726013183594,152.47500610351562,330.20477294921875,187.13198852539062,"[202.95726013183594, 152.47500610351562, 330.20477294921875, 187.13198852539062]",7.593112600035965,3
FasterRCNN,torchvision,Cars80,C:\Users\jjrjg\OneDrive\Desktop\CMPS 261 Project\Plate-Detection-Project\carplate\images\Cars80.png,0,0.9206879734992981,1,104.34140014648438,146.05148315429688,273.8286437988281,189.06715393066406,"[104.34140014648438, 146.05148315429688, 273.8286437988281, 189.06715393066406]",7.108866100024898,1
FasterRCNN,torchvision,Cars83,C:\Users\jjrjg\OneDrive\Desktop\CMPS 261 Project\Plate-Detection-Project\carplate\images\Cars83.png,0,0.947507381439209,1,249.7933807373047,295.8461608886719,328.1102294921875,338.21148681640625,"[249.7933807373047, 295.8461608886719, 328.1102294921875, 338.21148681640625]",6.865623600024264,2
FasterRCNN,torchvision,Cars83,C:\Users\jjrjg\OneDrive\Desktop\CMPS 261 Project\Plate-Detection-Project\carplate\images\Cars83.png,1,0.38592496514320374,1,273.3673400878906,366.73388671875,446.1709899902344,407.8679504394531,"[273.3673400878906, 366.73388671875, 446.1709899902344, 407.8679504394531]",6.865623600024264,2
FasterRCNN,torchvision,Cars92,C:\Users\jjrjg\OneDrive\Desktop\CMPS 261 Project\Plate-Detection-Project\carplate\images\Cars92.png,0,0.9812148809432983,1,276.5941162109375,192.85061645507812,394.1922607421875,267.9681396484375,"[276.5941162109375, 192.85061645507812, 394.1922607421875, 267.9681396484375]",7.647488299990073,1
FasterRCNN,torchvision,Cars95,C:\Users\jjrjg\OneDrive\Desktop\CMPS 261 Project\Plate-Detection-Project\carplate\images\Cars95.png,0,0.9812148809432983,1,276.5941162109375,192.85061645507812,394.1922607421875,267.9681396484375,"[276.5941162109375, 192.85061645507812, 394.1922607421875, 267.9681396484375]",7.609537299955264,1
FasterRCNN,torchvision,Cars96,C:\Users\jjrjg\OneDrive\Desktop\CMPS 261 Project\Plate-Detection-Project\carplate\images\Cars96.png,0,0.9800517559051514,1,135.198486328125,123.33985137939453,257.4595642089844,160.1310272216797,"[135.198486328125, 123.33985137939453, 257.4595642089844, 160.1310272216797]",7.749022200005129,1
FasterRCNN,torchvision,Cars98,C:\Users\jjrjg\OneDrive\Desktop\CMPS 261 Project\Plate-Detection-Project\carplate\images\Cars98.png,0,0.9662577509880066,1,89.844482421875,196.56405639648438,241.39541625976562,273.0946960449219,"[89.844482421875, 196.56405639648438, 241.39541625976562, 273.0946960449219]",5.202886299986858,3
FasterRCNN,torchvision,Cars98,C:\Users\jjrjg\OneDrive\Desktop\CMPS 261 Project\Plate-Detection-Project\carplate\images\Cars98.png,1,0.27161574363708496,1,7.412060737609863,371.72784423828125,174.36575317382812,400.0,"[7.412060737609863, 371.72784423828125, 174.36575317382812, 400.0]",5.202886299986858,3
FasterRCNN,torchvision,Cars98,C:\Users\jjrjg\OneDrive\Desktop\CMPS 261 Project\Plate-Detection-Project\carplate\images\Cars98.png,2,0.14673727750778198,1,66.23133087158203,162.947021484375,294.3878479003906,285.28436279296875,"[66.23133087158203, 162.947021484375, 294.3878479003906, 285.28436279296875]",5.202886299986858,3
